loan,month,payment,principal,interest,balance
provident,1,5671.96,2963.62,2708.33,997036.38
provident,2,5671.96,2971.65,2700.31,994064.72
provident,3,5671.96,2979.70,2692.26,991085.03
provident,4,5671.96,2987.77,2684.19,988097.26
provident,5,5671.96,2995.86,2676.10,985101.40
provident,6,5671.96,3003.97,2667.98,982097.42
provident,7,5671.96,3012.11,2659.85,979085.31
provident,8,5671.96,3020.27,2651.69,976065.04
provident,9,5671.96,3028.45,2643.51,973036.59
provident,10,5671.96,3036.65,2635.31,969999.94
provident,11,5671.96,3044.87,2627.08,966955.07
provident,12,5671.96,3053.12,2618.84,963901.95
provident,13,5671.96,3061.39,2610.57,960840.56
provident,14,5671.96,3069.68,2602.28,957770.88
provident,15,5671.96,3077.99,2593.96,954692.88
provident,16,5671.96,3086.33,2585.63,951606.55
provident,17,5671.96,3094.69,2577.27,948511.86
provident,18,5671.96,3103.07,2568.89,945408.79
provident,19,5671.96,3111.48,2560.48,942297.32
provident,20,5671.96,3119.90,2552.06,939177.41
provident,21,5671.96,3128.35,2543.61,936049.06
provident,22,5671.96,3136.82,2535.13,932912.24
provident,23,5671.96,3145.32,2526.64,929766.92
provident,24,5671.96,3153.84,2518.12,926613.08
provident,25,5671.96,3162.38,2509.58,923450.70
provident,26,5671.96,3170.95,2501.01,920279.75
provident,27,5671.96,3179.53,2492.42,917100.22
provident,28,5671.96,3188.14,2483.81,913912.07
provident,29,5671.96,3196.78,2475.18,910715.29
provident,30,5671.96,3205.44,2466.52,907509.86
provident,31,5671.96,3214.12,2457.84,904295.74
provident,32,5671.96,3222.82,2449.13,901072.92
provident,33,5671.96,3231.55,2440.41,897841.36
provident,34,5671.96,3240.30,2431.65,894601.06
provident,35,5671.96,3249.08,2422.88,891351.98
provident,36,5671.96,3257.88,2414.08,888094.10
provident,37,5671.96,3266.70,2405.25,884827.40
provident,38,5671.96,3275.55,2396.41,881551.85
provident,39,5671.96,3284.42,2387.54,878267.43
provident,40,5671.96,3293.32,2378.64,874974.11
provident,41,5671.96,3302.24,2369.72,871671.87
provident,42,5671.96,3311.18,2360.78,868360.69
provident,43,5671.96,3320.15,2351.81,865040.55
provident,44,5671.96,3329.14,2342.82,861711.41
provident,45,5671.96,3338.16,2333.80,858373.25
provident,46,5671.96,3347.20,2324.76,855026.05
provident,47,5671.96,3356.26,2315.70,851669.79
provident,48,5671.96,3365.35,2306.61,848304.44
provident,49,5671.96,3374.47,2297.49,844929.97
provident,50,5671.96,3383.61,2288.35,841546.37
provident,51,5671.96,3392.77,2279.19,838153.60
provident,52,5671.96,3401.96,2270.00,834751.64
provident,53,5671.96,3411.17,2260.79,831340.47
provident,54,5671.96,3420.41,2251.55,827920.06
provident,55,5671.96,3429.67,2242.28,824490.38
provident,56,5671.96,3438.96,2232.99,821051.42
provident,57,5671.96,3448.28,2223.68,817603.14
provident,58,5671.96,3457.62,2214.34,814145.53
provident,59,5671.96,3466.98,2204.98,810678.55
provident,60,5671.96,3476.37,2195.59,807202.18
provident,61,5671.96,3485.79,2186.17,803716.39
provident,62,5671.96,3495.23,2176.73,800221.17
provident,63,5671.96,3504.69,2167.27,796716.48
provident,64,5671.96,3514.18,2157.77,793202.29
provident,65,5671.96,3523.70,2148.26,789678.59
provident,66,5671.96,3533.24,2138.71,786145.35
provident,67,5671.96,3542.81,2129.14,782602.53
provident,68,5671.96,3552.41,2119.55,779050.12
provident,69,5671.96,3562.03,2109.93,775488.09
provident,70,5671.96,3571.68,2100.28,771916.42
provident,71,5671.96,3581.35,2090.61,768335.07
provident,72,5671.96,3591.05,2080.91,764744.02
provident,73,5671.96,3600.78,2071.18,761143.24
provident,74,5671.96,3610.53,2061.43,757532.71
provident,75,5671.96,3620.31,2051.65,753912.40
provident,76,5671.96,3630.11,2041.85,750282.29
provident,77,5671.96,3639.94,2032.01,746642.35
provident,78,5671.96,3649.80,2022.16,742992.55
provident,79,5671.96,3659.69,2012.27,739332.86
provident,80,5671.96,3669.60,2002.36,735663.26
provident,81,5671.96,3679.54,1992.42,731983.73
provident,82,5671.96,3689.50,1982.46,728294.23
provident,83,5671.96,3699.49,1972.46,724594.73
provident,84,5671.96,3709.51,1962.44,720885.22
provident,85,5671.96,3719.56,1952.40,717165.66
provident,86,5671.96,3729.63,1942.32,713436.03
provident,87,5671.96,3739.74,1932.22,709696.29
provident,88,5671.96,3749.86,1922.09,705946.43
provident,89,5671.96,3760.02,1911.94,702186.41
provident,90,5671.96,3770.20,1901.75,698416.20
provident,91,5671.96,3780.41,1891.54,694635.79
provident,92,5671.96,3790.65,1881.31,690845.14
provident,93,5671.96,3800.92,1871.04,687044.22
commercial,1,13268.13,4105.13,9163.00,1865894.87
commercial,2,13268.13,4125.24,9142.88,1861769.63
commercial,3,13268.13,4145.45,9122.67,1857624.18
commercial,4,13268.13,4165.77,9102.36,1853458.41
commercial,5,13268.13,4186.18,9081.95,1849272.23
commercial,6,13268.13,4206.69,9061.43,1845065.54
commercial,7,13268.13,4227.30,9040.82,1840838.23
commercial,8,13268.13,4248.02,9020.11,1836590.22
commercial,9,13268.13,4268.83,8999.29,1832321.38
commercial,10,13268.13,4289.75,8978.37,1828031.63
commercial,11,13268.13,4310.77,8957.35,1823720.86
commercial,12,13268.13,4331.89,8936.23,1819388.96
commercial,13,13268.13,4353.12,8915.01,1815035.84
commercial,14,13268.13,4374.45,8893.68,1810661.39
commercial,15,13268.13,4395.89,8872.24,1806265.51
commercial,16,13268.13,4417.43,8850.70,1801848.08
commercial,17,13268.13,4439.07,8829.06,1797409.01
commercial,18,13268.13,4460.82,8807.30,1792948.19
commercial,19,13268.13,4482.68,8785.45,1788465.51
commercial,20,13268.13,4504.65,8763.48,1783960.87
commercial,21,13268.13,4526.72,8741.41,1779434.15
commercial,22,13268.13,4548.90,8719.23,1774885.25
commercial,23,13268.13,4571.19,8696.94,1770314.06
commercial,24,13268.13,4593.59,8674.54,1765720.48
commercial,25,13268.13,4616.10,8652.03,1761104.38
commercial,26,13268.13,4638.71,8629.41,1756465.67
commercial,27,13268.13,4661.44,8606.68,1751804.22
commercial,28,13268.13,4684.29,8583.84,1747119.94
commercial,29,13268.13,4707.24,8560.89,1742412.70
commercial,30,13268.13,4730.30,8537.82,1737682.39
commercial,31,13268.13,4753.48,8514.64,1732928.91
commercial,32,13268.13,4776.77,8491.35,1728152.14
commercial,33,13268.13,4800.18,8467.95,1723351.96
commercial,34,13268.13,4823.70,8444.42,1718528.25
commercial,35,13268.13,4847.34,8420.79,1713680.92
commercial,36,13268.13,4871.09,8397.04,1708809.83
commercial,37,13268.13,4894.96,8373.17,1703914.87
commercial,38,13268.13,4918.94,8349.18,1698995.93
commercial,39,13268.13,4943.05,8325.08,1694052.88
commercial,40,13268.13,4967.27,8300.86,1689085.61
commercial,41,13268.13,4991.61,8276.52,1684094.01
commercial,42,13268.13,5016.07,8252.06,1679077.94
commercial,43,13268.13,5040.64,8227.48,1674037.30
commercial,44,13268.13,5065.34,8202.78,1668971.95
commercial,45,13268.13,5090.16,8177.96,1663881.79
commercial,46,13268.13,5115.11,8153.02,1658766.69
commercial,47,13268.13,5140.17,8127.96,1653626.52
commercial,48,13268.13,5165.36,8102.77,1648461.16
commercial,49,13268.13,5190.67,8077.46,1643270.49
commercial,50,13268.13,5216.10,8052.03,1638054.39
commercial,51,13268.13,5241.66,8026.47,1632812.73
commercial,52,13268.13,5267.34,8000.78,1627545.39
commercial,53,13268.13,5293.15,7974.97,1622252.24
commercial,54,13268.13,5319.09,7949.04,1616933.15
commercial,55,13268.13,5345.15,7922.97,1611587.99
commercial,56,13268.13,5371.34,7896.78,1606216.65
commercial,57,13268.13,5397.66,7870.46,1600818.98
commercial,58,13268.13,5424.11,7844.01,1595394.87
commercial,59,13268.13,5450.69,7817.43,1589944.18
commercial,60,13268.13,5477.40,7790.73,1584466.78
commercial,61,13268.13,5504.24,7763.89,1578962.54
commercial,62,13268.13,5531.21,7736.92,1573431.33
commercial,63,13268.13,5558.31,7709.81,1567873.02
commercial,64,13268.13,5585.55,7682.58,1562287.47
commercial,65,13268.13,5612.92,7655.21,1556674.55
commercial,66,13268.13,5640.42,7627.71,1551034.13
commercial,67,13268.13,5668.06,7600.07,1545366.07
commercial,68,13268.13,5695.83,7572.29,1539670.24
commercial,69,13268.13,5723.74,7544.38,1533946.50
commercial,70,13268.13,5751.79,7516.34,1528194.71
commercial,71,13268.13,5779.97,7488.15,1522414.74
commercial,72,13268.13,5808.29,7459.83,1516606.45
commercial,73,13268.13,5836.75,7431.37,1510769.69
commercial,74,13268.13,5865.35,7402.77,1504904.34
commercial,75,13268.13,5894.09,7374.03,1499010.24
commercial,76,13268.13,5922.98,7345.15,1493087.27
commercial,77,13268.13,5952.00,7316.13,1487135.27
commercial,78,13268.13,5981.16,7286.96,1481154.10
commercial,79,13268.13,6010.47,7257.66,1475143.63
commercial,80,13268.13,6039.92,7228.20,1469103.71
commercial,81,13268.13,6069.52,7198.61,1463034.19
commercial,82,13268.13,6099.26,7168.87,1456934.94
commercial,83,13268.13,6129.14,7138.98,1450805.79
commercial,84,13268.13,6159.18,7108.95,1444646.61
commercial,85,13268.13,6189.36,7078.77,1438457.26
commercial,86,13268.13,6219.69,7048.44,1432237.57
commercial,87,13268.13,6250.16,7017.96,1425987.41
commercial,88,13268.13,6280.79,6987.34,1419706.62
commercial,89,13268.13,6311.56,6956.56,1413395.06
commercial,90,13268.13,6342.49,6925.64,1407052.57
commercial,91,13268.13,6373.57,6894.56,1400679.00
commercial,92,13268.13,6404.80,6863.33,1394274.20
commercial,93,13268.13,6436.18,6831.94,1387838.02
